Voltage U1	Corriente IA
0,02	0,36
0,04	0,37
0,07	0,38
0,09	0,38
0,12	0,36
0,14	0,39
0,17	0,35
0,19	0,39
0,21	0,35
0,24	0,37
0,26	0,35
0,29	0,37
0,31	0,34
0,34	0,37
0,36	0,35
0,39	0,39
0,41	0,37
0,43	0,39
0,46	0,39
0,48	0,43
0,51	0,42
0,53	0,44
0,56	0,42
0,58	0,43
0,61	0,40
0,63	0,39
0,65	0,38
0,68	0,38
0,70	0,37
0,73	0,38
0,75	0,36
0,78	0,35
0,80	0,39
0,83	0,40
0,85	0,41
0,87	0,38
0,90	0,37
0,92	0,36
0,95	0,40
0,97	0,37
1,00	0,39
1,02	0,34
1,05	0,37
1,07	0,36
1,09	0,39
1,12	0,36
1,14	0,39
1,17	0,35
1,19	0,41
1,22	0,37
1,24	0,42
1,26	0,39
1,29	0,40
1,31	0,35
1,34	0,38
1,36	0,31
1,39	0,36
1,41	0,31
1,44	0,33
1,46	0,31
1,48	0,35
1,51	0,30
1,53	0,35
1,56	0,31
1,58	0,36
1,61	0,33
1,63	0,37
1,66	0,32
1,68	0,38
1,70	0,33
1,73	0,38
1,75	0,31
1,78	0,35
1,80	0,31
1,83	0,36
1,85	0,31
1,88	0,36
1,90	0,32
1,92	0,40
1,95	0,35
1,97	0,40
2,00	0,36
2,02	0,38
2,05	0,36
2,07	0,40
2,10	0,36
2,12	0,41
2,14	0,34
2,17	0,38
2,19	0,38
2,22	0,40
2,24	0,37
2,27	0,38
2,29	0,36
2,31	0,40
2,34	0,39
2,36	0,41
2,39	0,40
2,41	0,41
2,44	0,40
2,46	0,39
2,49	0,38
2,51	0,39
2,53	0,38
2,56	0,35
2,58	0,35
2,61	0,34
2,63	0,37
2,66	0,40
2,68	0,42
2,71	0,39
2,73	0,43
2,75	0,39
2,78	0,42
2,80	0,38
2,83	0,37
2,85	0,32
2,88	0,34
2,90	0,29
2,93	0,36
2,95	0,32
2,97	0,36
3,00	0,32
3,02	0,37
3,05	0,34
3,07	0,38
3,10	0,33
3,12	0,38
3,15	0,33
3,17	0,38
3,19	0,34
3,22	0,37
3,24	0,32
3,27	0,37
3,29	0,31
3,32	0,36
3,34	0,30
3,36	0,34
3,39	0,34
3,41	0,38
3,44	0,34
3,46	0,40
3,49	0,35
3,51	0,38
3,54	0,33
3,56	0,35
3,58	0,33
3,61	0,36
3,63	0,31
3,66	0,37
3,68	0,33
3,71	0,38
3,73	0,37
3,76	0,40
3,78	0,39
3,80	0,42
3,83	0,38
3,85	0,42
3,88	0,40
3,90	0,40
3,93	0,39
3,95	0,38
3,98	0,34
4,00	0,36
4,02	0,36
4,05	0,38
4,07	0,38
4,10	0,37
4,12	0,39
4,15	0,39
4,17	0,42
4,20	0,41
4,22	0,40
4,24	0,38
4,27	0,37
4,29	0,34
4,32	0,39
4,34	0,35
4,37	0,36
4,39	0,35
4,42	0,37
4,44	0,36
4,46	0,40
4,49	0,36
4,51	0,40
4,54	0,36
4,56	0,39
4,59	0,35
4,61	0,39
4,63	0,36
4,66	0,40
4,68	0,33
4,71	0,39
4,73	0,34
4,76	0,38
4,78	0,35
4,81	0,38
4,83	0,33
4,85	0,41
4,88	0,36
4,90	0,40
4,93	0,36
4,95	0,39
4,98	0,34
5,00	0,39
5,03	0,31
5,05	0,38
5,07	0,31
5,10	0,35
5,12	0,33
5,15	0,38
5,17	0,33
5,20	0,39
5,22	0,33
5,25	0,38
5,27	0,34
5,29	0,37
5,32	0,35
5,34	0,39
5,37	0,33
5,39	0,39
5,42	0,34
5,44	0,39
5,47	0,37
5,49	0,38
5,51	0,35
5,54	0,39
5,56	0,36
5,59	0,40
5,61	0,36
5,64	0,38
5,66	0,36
5,68	0,38
5,71	0,38
5,73	0,40
5,76	0,39
5,78	0,41
5,81	0,38
5,83	0,38
5,86	0,40
5,88	0,41
5,90	0,41
5,93	0,39
5,95	0,38
5,98	0,37
6,00	0,40
6,03	0,38
6,05	0,39
6,08	0,35
6,10	0,37
6,12	0,37
6,15	0,39
6,17	0,36
6,20	0,39
6,22	0,35
6,25	0,39
6,27	0,36
6,30	0,39
6,32	0,37
6,34	0,40
6,37	0,34
6,39	0,38
6,42	0,35
6,44	0,39
6,47	0,35
6,49	0,39
6,52	0,36
6,54	0,39
6,56	0,34
6,59	0,40
6,61	0,36
6,64	0,40
6,66	0,35
6,69	0,39
6,71	0,36
6,73	0,42
6,76	0,37
6,78	0,40
6,81	0,35
6,83	0,40
6,86	0,38
6,88	0,42
6,91	0,37
6,93	0,42
6,95	0,40
6,98	0,45
7,00	0,42
7,03	0,43
7,05	0,39
7,08	0,44
7,10	0,40
7,13	0,45
7,15	0,42
7,17	0,44
7,20	0,41
7,22	0,45
7,25	0,44
7,27	0,45
7,30	0,43
7,32	0,45
7,35	0,43
7,37	0,46
7,39	0,44
7,42	0,46
7,44	0,46
7,47	0,46
7,49	0,44
7,52	0,44
7,54	0,44
7,57	0,46
7,59	0,47
7,61	0,45
7,64	0,45
7,66	0,44
7,69	0,48
7,71	0,48
7,74	0,49
7,76	0,46
7,78	0,49
7,81	0,46
7,83	0,49
7,86	0,47
7,88	0,49
7,91	0,45
7,93	0,48
7,96	0,44
7,98	0,49
8,00	0,44
8,03	0,47
8,05	0,45
8,08	0,49
8,10	0,46
8,13	0,50
8,15	0,45
8,18	0,50
8,20	0,46
8,22	0,48
8,25	0,44
8,27	0,49
8,30	0,45
8,32	0,53
8,35	0,48
8,37	0,52
8,40	0,49
8,42	0,54
8,44	0,51
8,47	0,56
8,49	0,48
8,52	0,55
8,54	0,50
8,57	0,55
8,59	0,50
8,62	0,53
8,64	0,48
8,66	0,53
8,69	0,49
8,71	0,53
8,74	0,46
8,76	0,50
8,79	0,49
8,81	0,54
8,84	0,52
8,86	0,56
8,88	0,53
8,91	0,59
8,93	0,57
8,96	0,59
8,98	0,56
9,01	0,56
9,03	0,54
9,05	0,57
9,08	0,56
9,10	0,57
9,13	0,58
9,15	0,59
9,18	0,60
9,20	0,61
9,23	0,61
9,25	0,63
9,27	0,62
9,30	0,59
9,32	0,61
9,35	0,59
9,37	0,60
9,40	0,60
9,42	0,61
9,45	0,59
9,47	0,59
9,49	0,56
9,52	0,61
9,54	0,60
9,57	0,62
9,59	0,58
9,62	0,61
9,64	0,59
9,67	0,64
9,69	0,59
9,71	0,62
9,74	0,57
9,76	0,61
9,79	0,61
9,81	0,66
9,84	0,62
9,86	0,66
9,89	0,61
9,91	0,67
9,93	0,62
9,96	0,65
9,98	0,60
10,01	0,64
10,03	0,59
10,06	0,64
10,08	0,57
10,10	0,62
10,13	0,57
10,15	0,62
10,18	0,60
10,20	0,66
10,23	0,61
10,25	0,68
10,28	0,65
10,30	0,70
10,32	0,67
10,35	0,71
10,37	0,67
10,40	0,71
10,42	0,64
10,45	0,68
10,47	0,65
10,50	0,67
10,52	0,67
10,54	0,70
10,57	0,67
10,59	0,72
10,62	0,70
10,64	0,75
10,67	0,74
10,69	0,73
10,72	0,70
10,74	0,71
10,76	0,71
10,79	0,72
10,81	0,69
10,84	0,69
10,86	0,69
10,89	0,72
10,91	0,74
10,94	0,74
10,96	0,74
10,98	0,75
11,01	0,75
11,03	0,74
11,06	0,75
11,08	0,74
11,11	0,75
11,13	0,73
11,15	0,73
11,18	0,72
11,20	0,74
11,23	0,71
11,25	0,75
11,28	0,72
11,30	0,75
11,33	0,73
11,35	0,77
11,37	0,77
11,40	0,81
11,42	0,75
11,45	0,80
11,47	0,75
11,50	0,80
11,52	0,76
11,55	0,78
11,57	0,74
11,59	0,79
11,62	0,75
11,64	0,82
11,67	0,78
11,69	0,83
11,72	0,81
11,74	0,85
11,77	0,81
11,79	0,86
11,81	0,82
11,84	0,86
11,86	0,82
11,89	0,84
11,91	0,81
11,94	0,83
11,96	0,80
11,99	0,87
12,01	0,84
12,03	0,88
12,06	0,86
12,08	0,91
12,11	0,92
12,13	0,95
12,16	0,91
12,18	0,95
12,21	0,92
12,23	0,96
12,25	0,94
12,28	0,95
12,30	0,95
12,33	0,98
12,35	0,97
12,38	1,02
12,40	1,00
12,42	1,00
12,45	1,03
12,47	1,04
12,50	1,05
12,52	1,05
12,55	1,04
12,57	1,04
12,60	1,07
12,62	1,07
12,64	1,09
12,67	1,06
12,69	1,07
12,72	1,07
12,74	1,11
12,77	1,11
12,79	1,13
12,82	1,10
12,84	1,15
12,86	1,14
12,89	1,18
12,91	1,16
12,94	1,15
12,96	1,12
12,99	1,15
13,01	1,11
13,04	1,15
13,06	1,11
13,08	1,14
13,11	1,12
13,13	1,15
13,16	1,12
13,18	1,18
13,21	1,15
13,23	1,20
13,26	1,16
13,28	1,19
13,30	1,17
13,33	1,21
13,35	1,15
13,38	1,19
13,40	1,13
13,43	1,17
13,45	1,13
13,47	1,16
13,50	1,12
13,52	1,16
13,55	1,11
13,57	1,19
13,60	1,16
13,62	1,20
13,65	1,16
13,67	1,18
13,69	1,15
13,72	1,20
13,74	1,15
13,77	1,18
13,79	1,14
13,82	1,18
13,84	1,19
13,87	1,22
13,89	1,20
13,91	1,24
13,94	1,20
13,96	1,25
13,99	1,24
14,01	1,25
14,04	1,24
14,06	1,24
14,09	1,20
14,11	1,23
14,13	1,21
14,16	1,22
14,18	1,23
14,21	1,22
14,23	1,22
14,26	1,23
14,28	1,24
14,31	1,27
14,33	1,27
14,35	1,24
14,38	1,23
14,40	1,20
14,43	1,20
14,45	1,19
14,48	1,17
14,50	1,14
14,52	1,15
14,55	1,13
14,57	1,19
14,60	1,17
14,62	1,19
14,65	1,17
14,67	1,19
14,70	1,17
14,72	1,21
14,74	1,16
14,77	1,19
14,79	1,15
14,82	1,17
14,84	1,13
14,87	1,16
14,89	1,12
14,92	1,16
14,94	1,12
14,96	1,18
14,99	1,13
15,01	1,16
15,04	1,15
15,06	1,20
15,09	1,15
15,11	1,19
15,14	1,10
15,16	1,15
15,18	1,11
15,21	1,13
15,23	1,08
15,26	1,12
15,28	1,08
15,31	1,15
15,33	1,12
15,36	1,14
15,38	1,13
15,40	1,18
15,43	1,15
15,45	1,20
15,48	1,15
15,50	1,18
15,53	1,17
15,55	1,19
15,57	1,19
15,60	1,20
15,62	1,16
15,65	1,21
15,67	1,21
15,70	1,24
15,72	1,24
15,75	1,24
15,77	1,27
15,79	1,31
15,82	1,31
15,84	1,33
15,87	1,33
15,89	1,32
15,92	1,32
15,94	1,31
15,97	1,33
15,99	1,33
16,01	1,35
16,04	1,35
16,06	1,37
16,09	1,37
16,11	1,41
16,14	1,41
16,16	1,45
16,19	1,43
16,21	1,45
16,23	1,44
16,26	1,49
16,28	1,48
16,31	1,51
16,33	1,46
16,36	1,50
16,38	1,49
16,41	1,55
16,43	1,52
16,45	1,56
16,48	1,52
16,50	1,62
16,53	1,60
16,55	1,64
16,58	1,62
16,60	1,65
16,63	1,63
16,65	1,69
16,67	1,64
16,70	1,70
16,72	1,68
16,75	1,73
16,77	1,72
16,80	1,77
16,82	1,75
16,84	1,80
16,87	1,79
16,89	1,85
16,92	1,83
16,94	1,89
16,97	1,87
16,99	1,91
17,02	1,89
17,04	1,95
17,06	1,92
17,09	1,99
17,11	1,99
17,14	2,04
17,16	2,03
17,19	2,09
17,21	2,08
17,24	2,17
17,26	2,16
17,28	2,19
17,31	2,18
17,33	2,23
17,36	2,23
17,38	2,27
17,41	2,25
17,43	2,27
17,46	2,26
17,48	2,32
17,50	2,32
17,53	2,35
17,55	2,36
17,58	2,38
17,60	2,38
17,63	2,39
17,65	2,41
17,68	2,42
17,70	2,42
17,72	2,40
17,75	2,41
17,77	2,42
17,80	2,43
17,82	2,43
17,85	2,44
17,87	2,43
17,89	2,47
17,92	2,45
17,94	2,47
17,97	2,50
17,99	2,50
18,02	2,46
18,04	2,48
18,07	2,45
18,09	2,48
18,11	2,45
18,14	2,45
18,16	2,41
18,19	2,44
18,21	2,40
18,24	2,45
18,26	2,40
18,29	2,42
18,31	2,38
18,33	2,42
18,36	2,40
18,38	2,43
18,41	2,38
18,43	2,41
18,46	2,36
18,48	2,39
18,51	2,34
18,53	2,35
18,55	2,30
18,58	2,33
18,60	2,26
18,63	2,31
18,65	2,26
18,68	2,27
18,70	2,24
18,73	2,26
18,75	2,21
18,77	2,25
18,80	2,20
18,82	2,24
18,85	2,17
18,87	2,19
18,90	2,15
18,92	2,15
18,94	2,12
18,97	2,16
18,99	2,10
19,02	2,14
19,04	2,12
19,07	2,13
19,09	2,13
19,12	2,13
19,14	2,07
19,16	2,09
19,19	2,05
19,21	2,04
19,24	2,05
19,26	2,02
19,29	1,99
19,31	2,01
19,34	2,02
19,36	2,01
19,38	2,01
19,41	1,95
19,43	1,96
19,46	1,93
19,48	1,91
19,51	1,90
19,53	1,90
19,56	1,87
19,58	1,88
19,60	1,84
19,63	1,87
19,65	1,84
19,68	1,83
19,70	1,79
19,73	1,81
19,75	1,77
19,78	1,80
19,80	1,77
19,82	1,81
19,85	1,77
19,87	1,80
19,90	1,76
19,92	1,80
19,95	1,76
19,97	1,80
19,99	1,76
20,02	1,80
20,04	1,76
20,07	1,80
20,09	1,78
20,12	1,82
20,14	1,76
20,17	1,82
20,19	1,75
20,21	1,80
20,24	1,76
20,26	1,80
20,29	1,76
20,31	1,80
20,34	1,77
20,36	1,83
20,39	1,77
20,41	1,82
20,43	1,80
20,46	1,86
20,48	1,83
20,51	1,89
20,53	1,85
20,56	1,92
20,58	1,91
20,61	1,95
20,63	1,94
20,65	2,00
20,68	1,97
20,70	2,05
20,73	2,07
20,75	2,12
20,78	2,15
20,80	2,18
20,83	2,18
20,85	2,23
20,87	2,23
20,90	2,26
20,92	2,27
20,95	2,28
20,97	2,31
21,00	2,33
21,02	2,36
21,05	2,41
21,07	2,44
21,09	2,47
21,12	2,48
21,14	2,50
21,17	2,59
21,19	2,61
21,22	2,65
21,24	2,66
21,26	2,70
21,29	2,74
21,31	2,83
21,34	2,83
21,36	2,89
21,39	2,89
21,41	2,97
21,44	3,01
21,46	3,09
21,48	3,10
21,51	3,19
21,53	3,19
21,56	3,29
21,58	3,29
21,61	3,35
21,63	3,37
21,66	3,43
21,68	3,42
21,70	3,52
21,73	3,50
21,75	3,60
21,78	3,60
21,80	3,67
21,83	3,68
21,85	3,75
21,88	3,75
21,90	3,86
21,92	3,86
21,95	3,95
21,97	3,96
22,00	4,04
22,02	4,06
22,05	4,13
22,07	4,11
22,10	4,18
22,12	4,18
22,14	4,25
22,17	4,28
22,19	4,35
22,22	4,34
22,24	4,40
22,27	4,40
22,29	4,49
22,31	4,49
22,34	4,50
22,36	4,48
22,39	4,54
22,41	4,54
22,44	4,58
22,46	4,56
22,49	4,58
22,51	4,56
22,53	4,60
22,56	4,61
22,58	4,61
22,61	4,61
22,63	4,64
22,66	4,64
22,68	4,65
22,71	4,65
22,73	4,64
22,75	4,64
22,78	4,61
22,80	4,57
22,83	4,54
22,85	4,55
22,88	4,53
22,90	4,54
22,93	4,50
22,95	4,49
22,97	4,46
23,00	4,45
23,02	4,44
23,05	4,42
23,07	4,34
23,10	4,35
23,12	4,28
23,15	4,29
23,17	4,23
23,19	4,21
23,22	4,14
23,24	4,14
23,27	4,07
23,29	4,09
23,32	4,02
23,34	4,02
23,36	3,96
23,39	3,96
23,41	3,89
23,44	3,90
23,46	3,82
23,49	3,83
23,51	3,75
23,54	3,73
23,56	3,66
23,58	3,65
23,61	3,55
23,63	3,58
23,66	3,48
23,68	3,50
23,71	3,43
23,73	3,44
23,76	3,38
23,78	3,39
23,80	3,30
23,83	3,31
23,85	3,23
23,88	3,22
23,90	3,13
23,93	3,12
23,95	3,06
23,98	3,06
24,00	3,00
24,02	3,03
24,05	2,96
24,07	2,97
24,10	2,96
24,12	2,97
24,15	2,95
24,17	2,94
24,20	2,87
24,22	2,88
24,24	2,85
24,27	2,81
24,29	2,77
24,32	2,74
24,34	2,70
24,37	2,72
24,39	2,71
24,42	2,70
24,44	2,69
24,46	2,66
24,49	2,67
24,51	2,65
24,54	2,63
24,56	2,62
24,59	2,61
24,61	2,57
24,63	2,59
24,66	2,56
24,68	2,59
24,71	2,57
24,73	2,59
24,76	2,57
24,78	2,59
24,81	2,56
24,83	2,62
24,85	2,60
24,88	2,63
24,90	2,59
24,93	2,63
24,95	2,61
24,98	2,67
25,00	2,62
25,03	2,66
25,05	2,63
25,07	2,69
25,10	2,68
25,12	2,74
25,15	2,71
25,17	2,77
25,20	2,74
25,22	2,83
25,25	2,80
25,27	2,87
25,29	2,86
25,32	2,91
25,34	2,91
25,37	3,00
25,39	2,97
25,42	3,05
25,44	3,02
25,47	3,09
25,49	3,10
25,51	3,17
25,54	3,18
25,56	3,28
25,59	3,28
25,61	3,38
25,64	3,42
25,66	3,50
25,68	3,54
25,71	3,63
25,73	3,64
25,76	3,73
25,78	3,75
25,81	3,81
25,83	3,88
25,86	3,93
25,88	3,97
25,90	4,05
25,93	4,09
25,95	4,21
25,98	4,28
26,00	4,33
26,03	4,40
26,05	4,46
26,08	4,55
26,10	4,65
26,12	4,73
26,15	4,78
26,17	4,82
26,20	4,89
26,22	5,01
26,25	5,06
26,27	5,15
26,30	5,19
26,32	5,31
26,34	5,38
26,37	5,51
26,39	5,56
26,42	5,67
26,44	5,72
26,47	5,82
26,49	5,87
26,52	5,99
26,54	6,01
26,56	6,14
26,59	6,16
26,61	6,29
26,64	6,33
26,66	6,46
26,69	6,51
26,71	6,64
26,73	6,67
26,76	6,79
26,78	6,81
26,81	6,93
26,83	6,94
26,86	7,03
26,88	7,04
26,91	7,14
26,93	7,14
26,95	7,26
26,98	7,27
27,00	7,37
27,03	7,42
27,05	7,52
27,08	7,54
27,10	7,63
27,13	7,63
27,15	7,71
27,17	7,71
27,20	7,75
27,22	7,73
27,25	7,77
27,27	7,75
27,30	7,79
27,32	7,77
27,35	7,83
27,37	7,81
27,39	7,85
27,42	7,84
27,44	7,88
27,47	7,87
27,49	7,89
27,52	7,84
27,54	7,84
27,57	7,79
27,59	7,78
27,61	7,74
27,64	7,71
27,66	7,67
27,69	7,66
27,71	7,59
27,74	7,55
27,76	7,53
27,78	7,49
27,81	7,44
27,83	7,36
27,86	7,29
27,88	7,24
27,91	7,20
27,93	7,12
27,96	7,08
27,98	6,99
28,00	6,94
28,03	6,85
28,05	6,79
28,08	6,70
28,10	6,63
28,13	6,50
28,15	6,48
28,18	6,36
28,20	6,32
28,22	6,22
28,25	6,14
28,27	6,04
28,30	6,00
28,32	5,85
28,35	5,81
28,37	5,70
28,40	5,63
28,42	5,53
28,44	5,48
28,47	5,36
28,49	5,35
28,52	5,23
28,54	5,20
28,57	5,09
28,59	5,06
28,62	4,95
28,64	4,93
28,66	4,81
28,69	4,79
28,71	4,66
28,74	4,63
28,76	4,51
28,79	4,50
28,81	4,39
28,84	4,38
28,86	4,28
28,88	4,31
28,91	4,23
28,93	4,23
28,96	4,13
28,98	4,10
29,01	4,02
29,03	4,02
29,05	3,94
29,08	3,92
29,10	3,83
29,13	3,83
29,15	3,82
29,18	3,81
29,20	3,77
29,23	3,76
29,25	3,71
29,27	3,72
29,30	3,70
29,32	3,68
29,35	3,67
29,37	3,65
29,40	3,62
29,42	3,63
29,45	3,61
29,47	3,62
29,49	3,62
29,52	3,62
29,54	3,62
29,57	3,61
29,59	3,62
29,62	3,68
29,64	3,69
29,67	3,67
29,69	3,69
29,71	3,67
29,74	3,73
29,76	3,73
29,79	3,73
29,81	3,72
29,84	3,76
29,86	3,77
29,89	3,86
29,91	3,87
29,93	3,94
29,96	3,94
29,98	4,02
30,01	4,03
30,03	4,11
30,06	4,11
30,08	4,19
30,10	4,20
30,13	4,30
30,15	4,33
30,18	4,40
30,20	4,42
30,23	4,51
30,25	4,53
30,28	4,67
30,30	4,67
30,32	4,77
30,35	4,85
30,37	4,95
30,40	4,99
30,42	5,11
30,45	5,13
30,47	5,25
30,50	5,29
30,52	5,40
30,54	5,46
30,57	5,58
30,59	5,64
30,62	5,78
30,64	5,85
30,67	5,98
30,69	6,06
30,72	6,18
30,74	6,28
30,76	6,41
30,79	6,46
30,81	6,59
30,84	6,70
30,86	6,83
30,89	6,96
30,91	7,07
30,94	7,18
30,96	7,33
30,98	7,46
31,01	7,58
31,03	7,69
31,06	7,79
31,08	7,93
31,11	8,04
31,13	8,17
31,15	8,30
31,18	8,43
31,20	8,55
31,23	8,68
31,25	8,78
31,28	8,95
31,30	9,07
31,33	9,22
31,35	9,33
31,37	9,47
31,40	9,57
31,42	9,75
31,45	9,83
31,47	9,98
31,50	10,05
31,52	10,22
31,55	10,31
31,57	10,50
31,59	10,58
31,62	10,77
31,64	10,83
31,67	11,01
31,69	11,09
31,72	11,25
31,74	11,31
31,77	11,44
31,79	11,47
31,81	11,64
31,84	11,67
31,86	11,79
31,89	11,83
31,91	11,94
31,94	11,98
31,96	12,10
31,99	12,10
32,01	12,19
32,03	12,19
32,06	12,26
32,08	12,26
32,11	12,33
32,13	12,31
32,16	12,37
32,18	12,34
32,20	12,40
32,23	12,38
32,25	12,42
32,28	12,36
32,30	12,39
32,33	12,32
32,35	12,34
32,38	12,25
32,40	12,26
32,42	12,20
32,45	12,19
32,47	12,11
32,50	12,09
32,52	12,01
32,55	12,00
32,57	11,89
32,60	11,80
32,62	11,68
32,64	11,62
32,67	11,50
32,69	11,42
32,72	11,29
32,74	11,20
32,77	11,08
32,79	10,99
32,82	10,90
32,84	10,80
32,86	10,68
32,89	10,55
32,91	10,42
32,94	10,30
32,96	10,17
32,99	10,01
33,01	9,87
33,04	9,71
33,06	9,57
33,08	9,41
33,11	9,28
33,13	9,13
33,16	9,02
33,18	8,86
33,21	8,78
33,23	8,64
33,26	8,55
33,28	8,42
33,30	8,30
33,33	8,13
33,35	8,03
33,38	7,84
33,40	7,74
33,43	7,57
33,45	7,46
33,47	7,32
33,50	7,24
33,52	7,08
33,55	7,04
33,57	6,90
33,60	6,85
33,62	6,70
33,65	6,62
33,67	6,49
33,69	6,44
33,72	6,28
33,74	6,23
33,77	6,09
33,79	6,08
33,82	5,99
33,84	5,96
33,87	5,85
33,89	5,84
33,91	5,73
33,94	5,72
33,96	5,63
33,99	5,61
34,01	5,51
34,04	5,48
34,06	5,39
34,09	5,39
34,11	5,32
34,13	5,30
34,16	5,22
34,18	5,23
34,21	5,22
34,23	5,21
34,26	5,18
34,28	5,19
34,31	5,16
34,33	5,19
34,35	5,19
34,38	5,20
34,40	5,25
34,43	5,26
34,45	5,26
34,48	5,29
34,50	5,31
34,52	5,34
34,55	5,40
34,57	5,38
34,60	5,42
34,62	5,45
34,65	5,53
34,67	5,58
34,70	5,64
34,72	5,63
34,74	5,73
34,77	5,74
34,79	5,84
34,82	5,87
34,84	5,95
34,87	5,96
34,89	6,08
34,92	6,11
34,94	6,24
34,96	6,26
34,99	6,37
35,01	6,43
35,04	6,58
35,06	6,62
35,09	6,77
35,11	6,83
35,14	6,99
35,16	7,06
35,18	7,19
35,21	7,24
35,23	7,38
35,26	7,44
35,28	7,61
35,31	7,67
35,33	7,84
35,36	7,94
35,38	8,10
35,40	8,22
35,43	8,39
35,45	8,48
35,48	8,68
35,50	8,78
35,53	8,95
35,55	9,07
35,57	9,23
35,60	9,35
35,62	9,52
35,65	9,64
35,67	9,80
35,70	9,90
35,72	10,09
35,75	10,27
35,77	10,46
35,79	10,63
35,82	10,84
35,84	10,99
35,87	11,23
35,89	11,38
35,92	11,53
35,94	11,71
35,97	11,89
35,99	12,03
36,01	12,26
36,04	12,43
36,06	12,64
36,09	12,85
36,11	13,03
36,14	13,23
36,16	13,42
36,19	13,62
36,21	13,81
36,23	13,98
36,26	14,12
36,28	14,34
36,31	14,49
36,33	14,71
36,36	14,85
36,38	15,05
36,41	15,22
36,43	15,43
36,45	15,56
36,48	15,80
36,50	15,94
36,53	16,15
36,55	16,27
36,58	16,48
36,60	16,61
36,62	16,82
36,65	16,88
36,67	17,05
36,70	17,12
36,72	17,28
36,75	17,38
36,77	17,54
36,80	17,60
36,82	17,76
36,84	17,83
36,87	17,98
36,89	18,03
36,92	18,13
36,94	18,17
36,97	18,27
36,99	18,26
37,02	18,33
37,04	18,30
37,06	18,36
37,09	18,30
37,11	18,34
37,14	18,31
37,16	18,36
37,19	18,30
37,21	18,33
37,24	18,25
37,26	18,25
37,28	18,15
37,31	18,14
37,33	18,05
37,36	18,00
37,38	17,86
37,41	17,82
37,43	17,71
37,46	17,64
37,48	17,53
37,50	17,41
37,53	17,25
37,55	17,14
37,58	16,96
37,60	16,82
37,63	16,66
37,65	16,47
37,68	16,29
37,70	16,14
37,72	15,98
37,75	15,82
37,77	15,62
37,80	15,44
37,82	15,23
37,85	15,04
37,87	14,83
37,89	14,62
37,92	14,41
37,94	14,21
37,97	13,99
37,99	13,79
38,02	13,61
38,04	13,41
38,07	13,22
38,09	13,01
38,11	12,80
38,14	12,59
38,16	12,38
38,19	12,14
38,21	11,96
38,24	11,70
38,26	11,51
38,29	11,29
38,31	11,12
38,33	10,95
38,36	10,80
38,38	10,59
38,41	10,46
38,43	10,24
38,46	10,11
38,48	9,94
38,51	9,78
38,53	9,56
38,55	9,43
38,58	9,23
38,60	9,15
38,63	8,97
38,65	8,88
38,68	8,74
38,70	8,66
38,73	8,52
38,75	8,48
38,77	8,31
38,80	8,27
38,82	8,14
38,85	8,08
38,87	7,98
38,90	7,95
38,92	7,81
38,94	7,81
38,97	7,71
38,99	7,69
39,02	7,62
39,04	7,60
39,07	7,54
39,09	7,56
39,12	7,51
39,14	7,53
39,16	7,49
39,19	7,49
39,21	7,45
39,24	7,46
39,26	7,46
39,29	7,46
39,31	7,46
39,34	7,49
39,36	7,50
39,38	7,53
39,41	7,59
39,43	7,61
39,46	7,68
39,48	7,71
39,51	7,75
39,53	7,81
39,56	7,90
39,58	7,93
39,60	8,03
39,63	8,06
39,65	8,17
39,68	8,26
39,70	8,39
39,73	8,45
39,75	8,56
39,78	8,60
39,80	8,77
39,82	8,82
39,85	8,95
39,87	9,03
39,90	9,17
39,92	9,26
39,95	9,44
39,97	9,51
39,99	9,71
40,02	9,81
40,04	9,98
40,07	10,08
40,09	10,27
40,12	10,36
40,14	10,56
40,17	10,65
40,19	10,84
40,21	10,96
40,24	11,17
40,26	11,30
40,29	11,53
40,31	11,65
40,34	11,87
40,36	12,04
40,39	12,26
40,41	12,45
40,43	12,67
40,46	12,82
40,48	13,05
40,51	13,23
40,53	13,46
40,56	13,64
40,58	13,85
40,61	14,06
40,63	14,30
40,65	14,51
40,68	14,76
40,70	14,99
40,73	15,26
40,75	15,48
40,78	15,71
40,80	15,93
40,83	16,16
40,85	16,38
40,87	16,62
40,90	16,81
40,92	17,04
40,95	17,32
40,97	17,60
41,00	17,89
41,02	18,15
41,05	18,40
41,07	18,67
41,09	18,96
41,12	19,17
41,14	19,43
41,17	19,62
41,19	19,84
41,22	20,02
41,24	20,29
41,26	20,50
41,29	20,78
41,31	20,95
41,34	21,23
41,36	21,42
41,39	21,74
41,41	21,89
41,44	22,14
41,46	22,33
41,48	22,58
41,51	22,74
41,53	23,00
41,56	23,13
41,58	23,38
41,61	23,51
41,63	23,70
41,66	23,84
41,68	24,06
41,70	24,16
41,73	24,36
41,75	24,45
41,78	24,61
41,80	24,70
41,83	24,82
41,85	24,86
41,88	24,99
41,90	25,00
41,92	25,10
41,95	25,12
41,97	25,17
42,00	25,19
42,02	25,22
42,05	25,19
42,07	25,23
42,10	25,18
42,12	25,18
42,14	25,10
42,17	25,10
42,19	25,04
42,22	25,04
42,24	24,95
42,27	24,92
42,29	24,79
42,31	24,73
42,34	24,60
42,36	24,52
42,39	24,36
42,41	24,21
42,44	24,00
42,46	23,86
42,49	23,67
42,51	23,49
42,53	23,29
42,56	23,10
42,58	22,89
42,61	22,71
42,63	22,51
42,66	22,33
42,68	22,10
42,71	21,85
42,73	21,62
42,75	21,37
42,78	21,14
42,80	20,87
42,83	20,56
42,85	20,27
42,88	20,02
42,90	19,75
42,93	19,52
42,95	19,26
42,97	19,01
43,00	18,79
43,02	18,56
43,05	18,27
43,07	18,04
43,10	17,74
43,12	17,48
43,15	17,19
43,17	16,92
43,19	16,60
43,22	16,38
43,24	16,09
43,27	15,88
43,29	15,60
43,32	15,40
43,34	15,14
43,36	14,97
43,39	14,71
43,41	14,51
43,44	14,22
43,46	14,07
43,49	13,79
43,51	13,62
43,54	13,37
43,56	13,20
43,58	12,96
43,61	12,84
43,63	12,62
43,66	12,53
43,68	12,32
43,71	12,22
43,73	12,06
43,76	11,96
43,78	11,78
43,80	11,70
43,83	11,52
43,85	11,46
43,88	11,32
43,90	11,27
43,93	11,17
43,95	11,15
43,98	11,04
44,00	11,03
44,02	10,95
44,05	10,93
44,07	10,88
44,10	10,85
44,12	10,78
44,15	10,79
44,17	10,77
44,20	10,81
44,22	10,80
44,24	10,81
44,27	10,83
44,29	10,84
44,32	10,89
44,34	10,91
44,37	10,96
44,39	11,00
44,41	11,05
44,44	11,08
44,46	11,21
44,49	11,28
44,51	11,39
44,54	11,42
44,56	11,53
44,59	11,62
44,61	11,76
44,63	11,80
44,66	11,94
44,68	11,99
44,71	12,15
44,73	12,25
44,76	12,42
44,78	12,52
44,81	12,71
44,83	12,80
44,85	13,04
44,88	13,15
44,90	13,37
44,93	13,54
44,95	13,72
44,98	13,85
45,00	14,07
45,03	14,17
45,05	14,38
45,07	14,50
45,10	14,70
45,12	14,92
45,15	15,17
45,17	15,35
45,20	15,63
45,22	15,85
45,25	16,13
45,27	16,38
45,29	16,66
45,32	16,86
45,34	17,13
45,37	17,34
45,39	17,61
45,42	17,84
45,44	18,09
45,47	18,33
45,49	18,61
45,51	18,87
45,54	19,19
45,56	19,48
45,59	19,80
45,61	20,08
45,64	20,39
45,66	20,68
45,68	20,96
45,71	21,21
45,73	21,49
45,76	21,77
45,78	22,06
45,81	22,34
45,83	22,63
45,86	22,95
45,88	23,26
45,90	23,59
45,93	23,93
45,95	24,24
45,98	24,52
46,00	24,83
46,03	25,12
46,05	25,45
46,08	25,69
46,10	25,94
46,12	26,18
46,15	26,53
46,17	26,81
46,20	27,16
46,22	27,38
46,25	27,74
46,27	28,02
46,30	28,41
46,32	28,67
46,34	29,03
46,37	29,22
46,39	29,58
46,42	29,78
46,44	30,09
46,47	30,27
46,49	30,55
46,52	30,71
46,54	31,02
46,56	31,20
46,59	31,48
46,61	31,65
46,64	31,90
46,66	32,07
46,69	32,30
46,71	32,42
46,73	32,60
46,76	32,68
46,78	32,85
46,81	32,92
46,83	33,07
46,86	33,13
46,88	33,27
46,91	33,34
46,93	33,48
46,95	33,51
46,98	33,64
47,00	33,64
47,03	33,69
47,05	33,69
47,08	33,72
47,10	33,66
47,13	33,72
47,15	33,65
47,17	33,65
47,20	33,59
47,22	33,51
47,25	33,42
47,27	33,35
47,30	33,21
47,32	33,10
47,35	32,91
47,37	32,77
47,39	32,67
47,42	32,53
47,44	32,38
47,47	32,22
47,49	32,04
47,52	31,89
47,54	31,69
47,57	31,44
47,59	31,18
47,61	30,90
47,64	30,62
47,66	30,35
47,69	30,05
47,71	29,75
47,74	29,47
47,76	29,19
47,78	28,96
47,81	28,69
47,83	28,42
47,86	28,16
47,88	27,85
47,91	27,54
47,93	27,24
47,96	26,88
47,98	26,53
48,00	26,17
48,03	25,84
48,05	25,49
48,08	25,13
48,10	24,79
48,13	24,51
48,15	24,19
48,18	23,90
48,20	23,55
48,22	23,26
48,25	22,93
48,27	22,63
48,30	22,26
48,32	21,95
48,35	21,55
48,37	21,28
48,40	20,94
48,42	20,69
48,44	20,39
48,47	20,18
48,49	19,87
48,52	19,69
48,54	19,42
48,57	19,23
48,59	18,96
48,62	18,74
48,64	18,47
48,66	18,30
48,69	18,05
48,71	17,88
48,74	17,63
48,76	17,47
48,79	17,29
48,81	17,15
48,84	16,96
48,86	16,86
48,88	16,70
48,91	16,64
48,93	16,47
48,96	16,39
48,98	16,28
49,01	16,23
49,03	16,12
49,05	16,09
49,08	15,99
49,10	16,01
49,13	15,95
49,15	15,94
49,18	15,90
49,20	15,91
49,23	15,85
49,25	15,88
49,27	15,87
49,30	15,91
49,32	15,96
49,35	16,00
49,37	16,05
49,40	16,14
49,42	16,22
49,45	16,36
49,47	16,46
49,49	16,51
49,52	16,61
49,54	16,68
49,57	16,81
49,59	16,91
49,62	17,01
49,64	17,09
49,67	17,24
49,69	17,37
49,71	17,59
49,74	17,75
49,76	17,94
49,79	18,08
49,81	18,31
49,84	18,45
49,86	18,68
49,89	18,82
49,91	19,03
49,93	19,17
49,96	19,43
49,98	19,60
50,01	19,87
50,03	20,05
50,06	20,35
50,08	20,56
50,10	20,91
50,13	21,13
50,15	21,45
50,18	21,73
50,20	22,02
50,23	22,23
50,25	22,55
50,28	22,73
50,30	23,02
50,32	23,26
50,35	23,55
50,37	23,88
50,40	24,22
50,42	24,53
50,45	24,92
50,47	25,26
50,50	25,65
50,52	26,01
50,54	26,32
50,57	26,63
50,59	26,96
50,62	27,26
50,64	27,60
50,67	27,91
50,69	28,26
50,72	28,65
50,74	29,05
50,76	29,42
50,79	29,84
50,81	30,23
50,84	30,65
50,86	31,04
50,89	31,40
50,91	31,78
50,94	32,14
50,96	32,46
50,98	32,82
51,01	33,17
51,03	33,51
51,06	33,91
51,08	34,27
51,11	34,69
51,13	35,08
51,15	35,49
51,18	35,88
51,20	36,29
51,23	36,63
51,25	36,96
51,28	37,27
51,30	37,65
51,33	37,93
51,35	38,25
51,37	38,49
51,40	38,84
51,42	39,17
51,45	39,55
51,47	39,80
51,50	40,15
51,52	40,41
51,55	40,79
51,57	41,04
51,59	41,35
51,62	41,53
51,64	41,85
51,67	42,03
51,69	42,30
51,72	42,42
51,74	42,64
51,77	42,78
51,79	43,04
51,81	43,16
51,84	43,37
51,86	43,45
51,89	43,64
51,91	43,72
51,94	43,83
51,96	43,84
51,99	43,94
52,01	43,94
52,03	44,04
52,06	44,03
52,08	44,08
52,11	44,07
52,13	44,08
52,16	44,03
52,18	44,04
52,20	43,94
52,23	43,94
52,25	43,82
52,28	43,77
52,30	43,66
52,33	43,58
52,35	43,44
52,38	43,37
52,40	43,20
52,42	43,06
52,45	42,84
52,47	42,67
52,50	42,45
52,52	42,26
52,55	41,98
52,57	41,71
52,60	41,43
52,62	41,21
52,64	40,98
52,67	40,76
52,69	40,51
52,72	40,24
52,74	39,97
52,77	39,70
52,79	39,39
52,82	39,05
52,84	38,68
52,86	38,31
52,89	37,97
52,91	37,62
52,94	37,24
52,96	36,88
52,99	36,56
53,01	36,23
53,04	35,89
53,06	35,53
53,08	35,21
53,11	34,89
53,13	34,54
53,16	34,12
53,18	33,74
53,21	33,34
53,23	32,96
53,26	32,56
53,28	32,18
53,30	31,79
53,33	31,47
53,35	31,12
53,38	30,86
53,40	30,54
53,43	30,27
53,45	29,93
53,47	29,65
53,50	29,28
53,52	28,98
53,55	28,61
53,57	28,34
53,60	27,95
53,62	27,69
53,65	27,39
53,67	27,19
53,69	26,90
53,72	26,70
53,74	26,41
53,77	26,29
53,79	26,05
53,82	25,86
53,84	25,62
53,87	25,47
53,89	25,27
53,91	25,16
53,94	24,95
53,96	24,85
53,99	24,68
54,01	24,60
54,04	24,46
54,06	24,34
54,09	24,23
54,11	24,17
54,13	24,09
54,16	24,07
54,18	24,02
54,21	24,02
54,23	24,03
54,26	24,03
54,28	24,02
54,31	24,03
54,33	24,07
54,35	24,10
54,38	24,17
54,40	24,20
54,43	24,24
54,45	24,29
54,48	24,41
54,50	24,50
54,52	24,63
54,55	24,69
54,57	24,81
54,60	24,92
54,62	25,11
54,65	25,22
54,67	25,40
54,70	25,51
54,72	25,69
54,74	25,83
54,77	26,05
54,79	26,19
54,82	26,41
54,84	26,57
54,87	26,83
54,89	27,03
54,92	27,34
54,94	27,55
54,96	27,88
54,99	28,13
55,01	28,48
55,04	28,73
55,06	29,06
55,09	29,27
55,11	29,61
55,14	29,85
55,16	30,19
55,18	30,42
55,21	30,74
55,23	31,05
55,26	31,47
55,28	31,81
55,31	32,22
55,33	32,55
55,36	32,97
55,38	33,36
55,40	33,80
55,43	34,15
55,45	34,52
55,48	34,87
55,50	35,27
55,53	35,63
55,55	36,03
55,57	36,41
55,60	36,82
55,62	37,27
55,65	37,72
55,67	38,17
55,70	38,65
55,72	39,10
55,75	39,55
55,77	39,95
55,79	40,36
55,82	40,75
55,84	41,15
55,87	41,57
55,89	41,98
55,92	42,41
55,94	42,90
55,97	43,38
55,99	43,86
56,01	44,35
56,04	44,82
56,06	45,34
56,09	45,78
56,11	46,30
56,14	46,70
56,16	47,17
56,19	47,56
56,21	47,99
56,23	48,34
56,26	48,77
56,28	49,07
56,31	49,40
56,33	49,62
56,36	49,82
56,38	49,91
56,41	50,00
56,43	50,00
56,45	50,00
56,48	50,00
56,50	50,00
56,53	50,00
56,55	50,00
56,58	50,00
56,60	50,00
56,62	50,00
56,65	50,00
56,67	50,00
56,70	50,00
56,72	50,00
56,75	50,00
56,77	50,00
56,80	50,00
56,82	50,00
56,84	50,00
56,87	50,00
56,89	50,00
56,92	50,00
56,94	50,00
56,97	50,00
56,99	50,00
57,02	50,00
57,04	50,00
57,06	50,00
57,09	50,00
57,11	50,00
57,14	50,00
57,16	50,00
57,19	50,00
57,21	50,00
57,24	50,00
57,26	50,00
57,28	50,00
57,31	50,00
57,33	50,00
57,36	50,00
57,38	50,00
57,41	50,00
57,43	50,00
57,46	50,00
57,48	50,00
57,50	50,00
57,53	50,00
57,55	50,00
57,58	50,00
57,60	50,00
57,63	50,00
57,65	50,00
57,68	50,00
57,70	50,00
57,72	50,00
57,75	50,00
57,77	50,00
57,80	50,00
57,82	50,00
57,85	50,00
57,87	50,00
57,89	50,00
57,92	50,00
57,94	50,00
57,97	50,00
57,99	50,00
58,02	50,00
58,04	50,00
58,07	50,00
58,09	49,98
58,11	49,88
58,14	49,76
58,16	49,56
58,19	49,32
58,21	49,02
58,24	48,71
58,26	48,29
58,29	47,97
58,31	47,56
58,33	47,22
58,36	46,80
58,38	46,44
58,41	45,99
58,43	45,69
58,46	45,24
58,48	44,89
58,51	44,47
58,53	44,15
58,55	43,73
58,58	43,45
58,60	43,09
58,63	42,85
58,65	42,52
58,68	42,28
58,70	41,96
58,73	41,74
58,75	41,39
58,77	41,16
58,80	40,83
58,82	40,61
58,85	40,27
58,87	40,05
58,90	39,80
58,92	39,64
58,94	39,39
58,97	39,25
58,99	39,03
59,02	38,90
59,04	38,72
59,07	38,57
59,09	38,42
59,12	38,29
59,14	38,12
59,16	38,01
59,19	37,90
59,21	37,83
59,24	37,82
59,26	37,75
59,29	37,71
59,31	37,69
59,34	37,68
59,36	37,68
59,38	37,72
59,41	37,69
59,43	37,75
59,46	37,73
59,48	37,79
59,51	37,86
59,53	37,97
59,56	38,01
59,58	38,14
59,60	38,18
59,63	38,36
59,65	38,45
59,68	38,61
59,70	38,71
59,73	38,92
59,75	39,02
59,78	39,28
59,80	39,42
59,82	39,69
59,85	39,87
59,87	40,12
59,90	40,32
59,92	40,66
59,95	40,89
59,97	41,15
59,99	41,33
